column,mean,median,std,min,max,nulls,total
discount,17235.65191402737,0.0,46673.70849884548,0.0000,7995000.0000,0,35729825
