column,mean,median,std,min,max,nulls,total
price,169188.74249405507,87000.0,195539.88976038346,0.0444,20990000.0000,0,35729825
