column,mean,median,std,min,max,nulls,total
quantity,1.5080983464094773,1.0,2.264976353210698,1,240,0,35729825
